strain,mutation,chr,start,end,strand,length,
XZ1516,deletion,I,4456368,4457096,plus,729,1
XZ1516,insertion,I,4457241,4457241,plus,45,1
XZ1516,inversion,I,4457097,4459212,plus,2116,1
XZ1516,deletion,I,4459213,4460148,plus,936,1
XZ1516,insertion,I,4460149,4460149,plus,1704,1
XZ1516,insertion,I,4463728,4463728,plus,87,1
ECA36,deletion,I,4456368,4457096,plus,729,2
ECA36,insertion,I,4457241,4457241,plus,45,2
ECA36,inversion,I,4457097,4459212,plus,2116,2
ECA36,deletion,I,4459213,4460148,plus,936,2
ECA36,insertion,I,4460149,4460149,plus,1704,2
ECA36,insertion,I,4463728,4463728,plus,122,2
NIC526,deletion,I,4456368,4457096,plus,729,3
NIC526,insertion,I,4457241,4457241,plus,45,3
NIC526,inversion,I,4457097,4459212,plus,2116,3
NIC526,deletion,I,4459213,4460148,plus,936,3
NIC526,insertion,I,4460149,4460149,plus,1694,3
NIC526,insertion,I,4463728,4463728,plus,87,3
NIC526,deletion,I,4465414,4465451,plus,38,3
NIC526,deletion,I,4466624,4466872,plus,249,3
DL238,insertion,I,4452428,4452428,plus,838,4
DL238,deletion,I,4457097,4457316,plus,220,4
DL238,insertion,I,4457317,4457317,plus,4124,4
DL238,inversion,I,4457317,4459803,plus,2487,4
DL238,deletion,I,4459804,4460148,plus,345,4
DL238,insertion,I,4460149,4460149,plus,4858,4
DL238,insertion,I,4463728,4463728,plus,87,4
DL238,insertion,I,4465806,4465806,plus,44,4
CB4856,insertion,I,4452428,4452428,plus,838,5
CB4856,deletion,I,4457097,4457365,plus,268,5
CB4856,insertion,I,4457366,4457366,plus,4089,5
CB4856,inversion,I,4457366,4459803,plus,2438,5
CB4856,deletion,I,4459804,4460148,plus,345,5
CB4856,insertion,I,4460149,4460149,plus,7951,5
CB4856,insertion,I,4463728,4463728,plus,87,5
CB4856,insertion,I,4465806,4465806,plus,44,5
ECA396,deletion,I,4451965,4452036,plus,72,6
ECA396,insertion,I,4452428,4452428,plus,838,6
ECA396,insertion,I,4457242,4457242,plus,42,6
ECA396,deletion,I,4459921,4460148,plus,228,6
ECA396,insertion,I,4460149,4460149,plus,5220,6
ECA396,inversion,I,4460149,4462584,plus,2436,6
ECA396,insertion,I,4462585,4462585,plus,2820,6
ECA396,insertion,I,4463728,4463728,plus,157,6
ECA396,insertion,I,4465838,4465838,plus,3488,6
JU2526,deletion,I,4459921,4460148,plus,228,7
JU2526,insertion,I,4460149,4460149,plus,5218,7
JU2526,inversion,I,4460149,4462584,plus,2436,7
JU2526,insertion,I,4462585,4462585,plus,1078,7
JU2526,insertion,I,4463728,4463728,plus,157,7
JU1400,insertion,I,4459673,4459673,plus,2833,8
JU1400,insertion,I,4463728,4463728,plus,87,8
7 strains,insertion,I,4463728,4463728,plus,87,9
REF,duplication,I,4456376,4457310,plus,935,10
REF,duplication,I,4459209,4460135,plus,927,10
JU2526,duplication,I,4461318,4461929,plus,612,7
JU2526,duplication,I,4462130,4462584,plus,455,7
ECA396,duplication,I,4460501,4462512,plus,2012,6
JU1400,duplication,I,4456841,4459673,plus,2833,8