isotype	strain	represent_strain	strain_count	single_eri67	INVsosi1	sosi1_copy	DELeri6ef	DELeri6f3UTR	Polinton_CB_remnant	Repeats_in_eri67	SV_type	sv2
CB4856	CB4856	CB4856	9	detected	not	ref_sosi-1	not	not	detected	detected	CB4856-like	CB4856-like
ECA1186	ECA1186	CB4856	9	detected	not	ref_sosi-1	not	not	not	detected	CB4856-like	CB4856-like
ECA1243	ECA1243	CB4856	9	not	not	ref_sosi-1	not	not	not	detected	CB4856-like	CB4856-like
ECA1271	ECA1271	CB4856	9	not	not	ref_sosi-1	not	not	not	detected	CB4856-like	CB4856-like
ECA1287	ECA1287	CB4856	9	not	not	ref_and_alt_likely 	not	not	not	detected	CB4856-like	CB4856-like
ECA2452	ECA2452	CB4856	9	not	not	ref_sosi-1	not	not	not	detected	CB4856-like	CB4856-like
ECA2467	ECA2467	CB4856	9	not	not	ref_sosi-1	not	not	not	detected	CB4856-like	CB4856-like
ECA2481	ECA2481	CB4856	9	not	not	ref_sosi-1	not	not	not	detected	CB4856-like	CB4856-like
XZ2019	XZ2019	CB4856	9	not	not	ref_and_alt_likely 	not	not	not	detected	CB4856-like	CB4856-like
DL238	DL238	DL238	2	detected	not	ref_sosi-1	not	not	detected	detected	CB4856-like	CB4856-like
ECA1269	ECA1269	DL238	2	not	not	ref_sosi-1	not	not	not	detected	CB4856-like	CB4856-like
ECA1843	ECA1843	ECA1843	2	not	not	ref_and_alt	not	not	not	detected	CB4856-like	CB4856-like
ECA2367	ECA2367	ECA1843	2	not	not	ref_and_alt	not	not	not	detected	CB4856-like	CB4856-like
ECA2251	ECA2251	ECA2251	1	not	not	ref_sosi-1	not	not	not	detected	CB4856-like	CB4856-like
ECA2437	ECA2437	ECA2437	1	not	not	ref_sosi-1	not	not	detected	detected	CB4856-like	CB4856-like
ECA369	ECA369	ECA369	1	not	not	ref_sosi-1	not	not	not	detected	CB4856-like	CB4856-like
ECA701	ECA701	ECA701	1	not	not	ref_and_alt	not	not	not	detected	CB4856-like	CB4856-like
JU2007	JU2007	JU2007	2	not	not	ref_sosi-1	not	not	not	detected	CB4856-like	CB4856-like
QG2811	QG2811	JU2007	2	not	not	ref_sosi-1	not	not	not	detected	CB4856-like	CB4856-like
QX1791	QX1791	QX1791	1	not	not	ref_sosi-1	not	not	not	detected	CB4856-like	CB4856-like
ECA1069	ECA1069	ECA1069	1	not	detected	ref_sosi-1	not	not	detected	detected	INVsosi1	INVsosi1
ECA1202	ECA1202	ECA1202	17	not	detected	ref_sosi-1	not	not	detected	detected	INVsosi1	INVsosi1
ECA1208	ECA1208	ECA1202	17	not	detected	ref_sosi-1	not	not	detected	detected	INVsosi1	INVsosi1
ECA1212	ECA1212	ECA1202	17	not	not	ref_sosi-1	not	not	detected	detected	INVsosi1	INVsosi1
ECA1223	ECA1223	ECA1202	17	not	not	ref_sosi-1	not	not	detected	detected	INVsosi1	INVsosi1
ECA1225	ECA1225	ECA1202	17	not	not	ref_sosi-1	not	not	detected	detected	INVsosi1	INVsosi1
ECA1247	ECA1247	ECA1202	17	not	detected	ref_and_alt	not	not	detected	detected	INVsosi1	INVsosi1
ECA1284	ECA1284	ECA1202	17	not	not	ref_sosi-1	not	not	detected	detected	INVsosi1	INVsosi1
ECA1289	ECA1289	ECA1202	17	not	detected	ref_and_alt	not	not	detected	detected	INVsosi1	INVsosi1
ECA1293	ECA1293	ECA1202	17	not	not	ref_sosi-1	not	not	detected	detected	INVsosi1	INVsosi1
ECA1769	ECA1769	ECA1202	17	not	detected	ref_and_alt	not	not	detected	detected	INVsosi1	INVsosi1
ECA191	ECA191	ECA1202	17	not	not	ref_and_alt	not	not	detected	detected	INVsosi1	INVsosi1
ECA2073	ECA2073	ECA1202	17	not	detected	ref_sosi-1	not	not	detected	detected	INVsosi1	INVsosi1
ECA2443	ECA2443	ECA1202	17	not	not	ref_and_alt	not	not	detected	detected	INVsosi1	INVsosi1
ECA2473	ECA2473	ECA1202	17	not	detected	ref_sosi-1	not	not	detected	detected	INVsosi1	INVsosi1
ECA2482	ECA2482	ECA1202	17	not	detected	ref_and_alt	not	not	detected	detected	INVsosi1	INVsosi1
ECA722	ECA722	ECA1202	17	not	not	ref_and_alt	not	not	detected	detected	INVsosi1	INVsosi1
ECA745	ECA745	ECA1202	17	not	detected	ref_and_alt	not	not	detected	detected	INVsosi1	INVsosi1
ECA2475	ECA2475	ECA2475	1	not	detected	ref_and_alt	not	not	detected	detected	INVsosi1	INVsosi1
ECA2648	ECA2648	ECA2648	1	not	not	ref_sosi-1	not	not	not	detected	N2-like	N2-like
ECA1276	ECA1276	ECA396	2	not	not	ref_sosi-1	not	not	detected	detected	INVsosi1	INVsosi1
ECA396	ECA396	ECA396	2	not	detected	ref_and_alt	not	not	detected	detected	INVsosi1	INVsosi1
ECA1074	ECA1074	N2	406	not	detected	ref_sosi-1	not	not	detected	detected	INVsosi1	INVsosi1
ECA1875	ECA1875	N2	406	not	detected	ref_sosi-1	not	not	not	detected	INVsosi1	INVsosi1
ECA594	ECA594	N2	406	not	detected	ref_sosi-1	not	not	detected	detected	INVsosi1	INVsosi1
ED3040	ED3040	N2	406	not	detected	ref_sosi-1	not	not	not	detected	INVsosi1	INVsosi1
JU1581	JU1581	N2	406	not	detected	ref_sosi-1	not	not	not	detected	INVsosi1	INVsosi1
JU2316	JU2316	N2	406	not	detected	ref_and_alt	not	not	detected	detected	INVsosi1	INVsosi1
JU2526	JU2526	N2	406	not	detected	ref_and_alt	not	not	detected	detected	INVsosi1	INVsosi1
JU2619	JU2619	N2	406	not	detected	ref_sosi-1	not	not	detected	detected	INVsosi1	INVsosi1
JU3135	JU3135	N2	406	not	detected	ref_sosi-1	not	not	detected	detected	INVsosi1	INVsosi1
JU3166	JU3166	N2	406	not	detected	ref_sosi-1	not	not	detected	detected	INVsosi1	INVsosi1
JU4161	JU4161	N2	406	not	detected	ref_sosi-1	not	not	detected	detected	INVsosi1	INVsosi1
MY2713	MY2713	N2	406	not	detected	ref_sosi-1	not	not	detected	detected	INVsosi1	INVsosi1
MY679	MY679	N2	406	not	detected	ref_sosi-1	not	not	detected	detected	INVsosi1	INVsosi1
NIC1786	NIC1786	N2	406	not	detected	ref_sosi-1	not	not	not	detected	INVsosi1	INVsosi1
NIC259	NIC259	N2	406	not	detected	ref_sosi-1	not	not	detected	detected	INVsosi1	INVsosi1
QG2823	QG2823	N2	406	not	detected	ref_sosi-1	not	not	detected	detected	INVsosi1	INVsosi1
QG2824	QG2824	N2	406	not	detected	ref_sosi-1	not	not	detected	detected	INVsosi1	INVsosi1
QG2932	QG2932	N2	406	not	detected	ref_sosi-1	not	not	detected	detected	INVsosi1	INVsosi1
QG4015	QG4015	N2	406	not	detected	ref_sosi-1	not	not	detected	detected	INVsosi1	INVsosi1
QG4151	QG4151	N2	406	not	detected	ref_sosi-1	not	not	detected	detected	INVsosi1	INVsosi1
QG4226	QG4226	N2	406	not	detected	ref_sosi-1	not	not	detected	detected	INVsosi1	INVsosi1
QG4135	QG4135	QG4135	1	not	detected	ref_sosi-1	not	not	detected	detected	INVsosi1	INVsosi1
ECA743	ECA743	ECA743	1	not	not	ref_and_alt	not	not	not	detected	N2-like	N2-like
ECA923	ECA923	ECA923	4	not	not	ref_sosi-1	not	not	not	detected	N2-like	N2-like
ECA928	ECA928	ECA923	4	not	not	ref_sosi-1	not	not	not	detected	N2-like	N2-like
NIC268	NIC268	ECA923	4	not	not	ref_sosi-1	not	not	not	detected	N2-like	N2-like
XZ2020	XZ2020	ECA923	4	not	not	ref_sosi-1	not	not	not	detected	N2-like	N2-like
JU1172	JU1172	JU1172	1	not	not	ref_sosi-1	not	not	not	detected	N2-like	N2-like
JU1793	JU1793	JU1793	1	not	not	ref_sosi-1	not	not	not	detected	N2-like	N2-like
JU406	JU406	JU406	1	not	not	ref_sosi-1	not	not	not	detected	N2-like	N2-like
AB1	AB1	N2	406	not	not	ref_sosi-1	not	not	not	detected	N2-like	N2-like
BRC20067	BRC20067	N2	406	not	not	ref_sosi-1	not	not	not	detected	N2-like	N2-like
BRC20263	BRC20263	N2	406	not	not	ref_sosi-1	not	not	not	detected	N2-like	N2-like
CB4851	ECA243	N2	406	not	not	ref_sosi-1	not	not	not	detected	N2-like	N2-like
CB4852	CB4852	N2	406	not	not	ref_sosi-1	not	not	not	detected	N2-like	N2-like
CB4853	ECA246	N2	406	not	not	ref_sosi-1	not	not	not	detected	N2-like	N2-like
CB4854	CB4854	N2	406	not	not	ref_sosi-1	not	not	not	detected	N2-like	N2-like
CB4855	ECA248	N2	406	not	not	ref_sosi-1	not	not	not	detected	N2-like	N2-like
CB4857	ECA250	N2	406	not	not	ref_sosi-1	not	not	not	detected	N2-like	N2-like
CB4858	ECA251	N2	406	not	not	ref_sosi-1	not	not	not	detected	N2-like	N2-like
CB4932	CB4932	N2	406	not	not	ref_sosi-1	not	not	not	detected	N2-like	N2-like
CX11254	CX11254	N2	406	not	not	ref_sosi-1	not	not	not	detected	N2-like	N2-like
CX11262	CX11262	N2	406	not	not	ref_sosi-1	not	not	not	detected	N2-like	N2-like
CX11264	CX11264	N2	406	not	not	ref_sosi-1	not	not	not	detected	N2-like	N2-like
CX11271	CX11271	N2	406	not	not	ref_sosi-1	not	not	not	detected	N2-like	N2-like
CX11276	CX11276	N2	406	not	not	ref_and_alt	not	not	not	detected	N2-like	N2-like
CX11285	CX11285	N2	406	not	not	ref_sosi-1	not	not	not	detected	N2-like	N2-like
CX11292	CX11292	N2	406	not	not	ref_sosi-1	not	not	not	detected	N2-like	N2-like
CX11307	CX11307	N2	406	not	not	ref_sosi-1	not	not	not	detected	N2-like	N2-like
CX11314	CX11314	N2	406	not	not	ref_sosi-1	not	not	not	detected	N2-like	N2-like
CX11315	CX11315	N2	406	not	not	ref_sosi-1	not	not	not	detected	N2-like	N2-like
DL200	DL200	N2	406	not	not	ref_sosi-1	not	not	not	detected	N2-like	N2-like
DL226	DL226	N2	406	not	not	ref_sosi-1	not	not	not	detected	N2-like	N2-like
ECA1200	ECA1200	N2	406	not	not	ref_sosi-1	not	not	not	detected	N2-like	N2-like
ECA1255	ECA1255	N2	406	not	not	ref_sosi-1	not	not	not	detected	N2-like	N2-like
ECA1257	ECA1257	N2	406	not	not	ref_sosi-1	not	not	not	detected	N2-like	N2-like
ECA1288	ECA1288	N2	406	not	not	ref_sosi-1	not	not	detected	detected	N2-like	N2-like
ECA1298	ECA1298	N2	406	not	not	ref_and_alt	not	not	not	detected	N2-like	N2-like
ECA1316	ECA1316	N2	406	not	not	ref_sosi-1	not	not	not	detected	N2-like	N2-like
ECA1409	ECA1409	N2	406	not	not	ref_and_alt	not	not	not	detected	N2-like	N2-like
ECA1413	ECA1413	N2	406	not	not	ref_sosi-1	not	not	not	detected	N2-like	N2-like
ECA1693	ECA1693	N2	406	not	not	ref_sosi-1	not	not	not	detected	N2-like	N2-like
ECA1751	ECA1751	N2	406	not	not	ref_and_alt	not	not	not	detected	N2-like	N2-like
ECA1757	ECA1757	N2	406	not	not	ref_sosi-1	not	not	not	detected	N2-like	N2-like
ECA1805	ECA1805	N2	406	not	not	ref_sosi-1	not	not	not	detected	N2-like	N2-like
ECA1807	ECA1807	N2	406	not	not	ref_sosi-1	not	not	detected	detected	N2-like	N2-like
ECA1815	ECA1815	N2	406	not	not	ref_sosi-1	not	not	not	detected	N2-like	N2-like
ECA1825	ECA1825	N2	406	not	not	ref_sosi-1	not	not	not	detected	N2-like	N2-like
ECA1853	ECA1853	N2	406	not	not	ref_sosi-1	not	not	not	detected	N2-like	N2-like
ECA1887	ECA1887	N2	406	not	not	ref_sosi-1	not	not	not	detected	N2-like	N2-like
ECA1889	ECA1889	N2	406	not	not	ref_sosi-1	not	not	not	detected	N2-like	N2-like
ECA189	ECA189	N2	406	not	not	ref_sosi-1	not	not	not	detected	N2-like	N2-like
ECA1901	ECA1901	N2	406	not	not	ref_sosi-1	not	not	not	detected	N2-like	N2-like
ECA1939	ECA1939	N2	406	not	not	ref_sosi-1	not	not	detected	detected	N2-like	N2-like
ECA1943	ECA1943	N2	406	not	not	ref_sosi-1	not	not	detected	detected	N2-like	N2-like
ECA1977	ECA1977	N2	406	not	not	ref_sosi-1	not	not	detected	detected	N2-like	N2-like
ECA2041	ECA2041	N2	406	not	not	ref_sosi-1	not	not	not	detected	N2-like	N2-like
ECA2111	ECA2111	N2	406	not	not	ref_sosi-1	not	not	not	detected	N2-like	N2-like
ECA2151	ECA2151	N2	406	not	not	ref_and_alt	not	not	not	detected	N2-like	N2-like
ECA2332	ECA2332	N2	406	not	not	ref_sosi-1	not	not	not	detected	N2-like	N2-like
ECA2334	ECA2334	N2	406	not	not	ref_sosi-1	not	not	not	detected	N2-like	N2-like
ECA2336	ECA2336	N2	406	not	not	ref_sosi-1	not	not	not	detected	N2-like	N2-like
ECA2344	ECA2344	N2	406	not	not	ref_sosi-1	not	not	not	detected	N2-like	N2-like
ECA2350	ECA2350	N2	406	not	not	ref_sosi-1	not	not	not	detected	N2-like	N2-like
ECA2377	ECA2377	N2	406	not	not	ref_sosi-1	not	not	detected	detected	N2-like	N2-like
ECA2522	ECA2522	N2	406	not	not	ref_sosi-1	not	not	not	detected	N2-like	N2-like
ECA2523	ECA2523	N2	406	not	not	ref_sosi-1	not	not	not	detected	N2-like	N2-like
ECA2527	ECA2527	N2	406	not	not	ref_sosi-1	not	not	not	detected	N2-like	N2-like
ECA2529	ECA2529	N2	406	not	not	ref_sosi-1	not	not	not	detected	N2-like	N2-like
ECA2533	ECA2533	N2	406	not	not	ref_sosi-1	not	not	not	detected	N2-like	N2-like
ECA2536	ECA2536	N2	406	not	not	ref_sosi-1	not	not	not	detected	N2-like	N2-like
ECA2546	ECA2546	N2	406	not	not	ref_sosi-1	not	not	not	detected	N2-like	N2-like
ECA2549	ECA2549	N2	406	not	not	ref_sosi-1	not	not	not	detected	N2-like	N2-like
ECA2551	ECA2551	N2	406	not	not	ref_sosi-1	not	not	not	detected	N2-like	N2-like
ECA2554	ECA2554	N2	406	not	not	ref_sosi-1	not	not	not	detected	N2-like	N2-like
ECA2555	ECA2555	N2	406	not	not	ref_sosi-1	not	not	not	detected	N2-like	N2-like
ECA2559	ECA2559	N2	406	not	not	ref_sosi-1	not	not	not	detected	N2-like	N2-like
ECA2560	ECA2560	N2	406	not	not	ref_sosi-1	not	not	not	detected	N2-like	N2-like
ECA2561	ECA2561	N2	406	not	not	ref_sosi-1	not	not	not	detected	N2-like	N2-like
ECA2565	ECA2565	N2	406	not	not	ref_sosi-1	not	not	not	detected	N2-like	N2-like
ECA2568	ECA2568	N2	406	not	not	ref_sosi-1	not	not	not	detected	N2-like	N2-like
ECA2581	ECA2581	N2	406	not	not	ref_and_alt	not	not	not	detected	N2-like	N2-like
ECA2583	ECA2583	N2	406	not	not	ref_sosi-1	not	not	not	detected	N2-like	N2-like
ECA2584	ECA2584	N2	406	not	not	ref_and_alt	not	not	not	detected	N2-like	N2-like
ECA2594	ECA2594	N2	406	not	not	ref_sosi-1	not	not	not	detected	N2-like	N2-like
ECA2595	ECA2595	N2	406	not	not	ref_sosi-1	not	not	not	detected	N2-like	N2-like
ECA2601	ECA2601	N2	406	not	not	ref_and_alt	not	not	not	detected	N2-like	N2-like
ECA2602	ECA2602	N2	406	not	not	ref_sosi-1	not	not	not	detected	N2-like	N2-like
ECA2603	ECA2603	N2	406	not	not	ref_sosi-1	not	not	not	detected	N2-like	N2-like
ECA2607	ECA2607	N2	406	not	not	ref_sosi-1	not	not	not	detected	N2-like	N2-like
ECA2609	ECA2609	N2	406	not	not	ref_sosi-1	not	not	not	detected	N2-like	N2-like
ECA2612	ECA2612	N2	406	not	not	ref_sosi-1	not	not	not	detected	N2-like	N2-like
ECA2615	ECA2615	N2	406	not	not	ref_sosi-1	not	not	not	detected	N2-like	N2-like
ECA2641	ECA2641	N2	406	not	not	ref_sosi-1	not	not	not	detected	N2-like	N2-like
ECA2656	ECA2656	N2	406	not	not	ref_sosi-1	not	not	not	detected	N2-like	N2-like
ECA2659	ECA2659	N2	406	not	not	ref_sosi-1	not	not	not	detected	N2-like	N2-like
ECA2660	ECA2660	N2	406	not	not	ref_sosi-1	not	not	not	detected	N2-like	N2-like
ECA2672	ECA2672	N2	406	not	not	ref_sosi-1	not	not	not	detected	N2-like	N2-like
ECA2676	ECA2676	N2	406	not	not	ref_sosi-1	not	not	not	detected	N2-like	N2-like
ECA348	ECA348	N2	406	not	not	ref_sosi-1	not	not	not	detected	N2-like	N2-like
ECA349	ECA349	N2	406	not	not	ref_sosi-1	not	not	not	detected	N2-like	N2-like
ECA372	ECA372	N2	406	not	not	ref_sosi-1	not	not	not	detected	N2-like	N2-like
ECA592	ECA592	N2	406	not	not	ref_sosi-1	not	not	not	detected	N2-like	N2-like
ECA593	ECA593	N2	406	not	not	ref_sosi-1	not	not	not	detected	N2-like	N2-like
ECA640	ECA640	N2	406	not	not	ref_sosi-1	not	not	not	detected	N2-like	N2-like
ECA705	ECA705	N2	406	not	not	ref_and_alt	not	not	not	detected	N2-like	N2-like
ECA710	ECA710	N2	406	not	not	ref_sosi-1	not	not	not	detected	N2-like	N2-like
ECA712	ECA712	N2	406	not	not	ref_sosi-1	not	not	not	detected	N2-like	N2-like
ECA732	ECA732	N2	406	not	not	ref_sosi-1	not	not	detected	detected	N2-like	N2-like
ECA738	ECA738	N2	406	not	not	ref_sosi-1	not	not	not	detected	N2-like	N2-like
ECA760	ECA760	N2	406	not	not	ref_sosi-1	not	not	not	detected	N2-like	N2-like
ECA777	ECA777	N2	406	not	not	ref_sosi-1	not	not	not	detected	N2-like	N2-like
ECA778	ECA778	N2	406	not	not	ref_sosi-1	not	not	not	detected	N2-like	N2-like
ECA930	ECA930	N2	406	not	not	ref_sosi-1	not	not	not	detected	N2-like	N2-like
ED3005	ED3005	N2	406	not	not	ref_sosi-1	not	not	not	detected	N2-like	N2-like
ED3011	ED3011	N2	406	not	not	ref_sosi-1	not	not	not	detected	N2-like	N2-like
ED3012	ED3012	N2	406	not	not	ref_sosi-1	not	not	not	detected	N2-like	N2-like
ED3017	ED3017	N2	406	not	not	ref_sosi-1	not	not	not	detected	N2-like	N2-like
ED3046	ED3046	N2	406	not	not	ref_sosi-1	not	not	not	detected	N2-like	N2-like
ED3048	ED3048	N2	406	not	not	ref_sosi-1	not	not	not	detected	N2-like	N2-like
ED3049	ED3049	N2	406	not	not	ref_sosi-1	not	not	not	detected	N2-like	N2-like
ED3052	ED3052	N2	406	not	not	ref_sosi-1	not	not	not	detected	N2-like	N2-like
ED3073	ED3073	N2	406	not	not	ref_sosi-1	not	not	not	detected	N2-like	N2-like
ED3077	ED3077	N2	406	not	not	ref_sosi-1	not	not	not	detected	N2-like	N2-like
EG4347	EG4347	N2	406	not	not	ref_sosi-1	not	not	not	detected	N2-like	N2-like
EG4349	EG4349	N2	406	not	not	ref_sosi-1	not	not	not	detected	N2-like	N2-like
EG4724	EG4724	N2	406	not	not	ref_sosi-1	not	not	not	detected	N2-like	N2-like
EG4725	EG4725	N2	406	not	not	ref_sosi-1	not	not	not	detected	N2-like	N2-like
EG4946	EG4946	N2	406	not	not	ref_sosi-1	not	not	not	detected	N2-like	N2-like
GXW1	GXW1	N2	406	not	not	ref_sosi-1	not	not	not	detected	N2-like	N2-like
JR4305	JR4305	N2	406	not	not	ref_sosi-1	not	not	not	detected	N2-like	N2-like
JT11398	JT11398	N2	406	not	not	ref_sosi-1	not	not	not	detected	N2-like	N2-like
JU1088	JU1088	N2	406	not	not	ref_sosi-1	not	not	not	detected	N2-like	N2-like
JU1200	JU1200	N2	406	not	not	ref_sosi-1	not	not	not	detected	N2-like	N2-like
JU1212	JU1212	N2	406	not	not	ref_sosi-1	not	not	not	detected	N2-like	N2-like
JU1213	JU1213	N2	406	not	not	ref_sosi-1	not	not	not	detected	N2-like	N2-like
JU1242	JU1242	N2	406	not	not	ref_sosi-1	not	not	not	detected	N2-like	N2-like
JU1246	JU1246	N2	406	not	not	ref_sosi-1	not	not	not	detected	N2-like	N2-like
JU1249	JU1249	N2	406	not	not	ref_sosi-1	not	not	not	detected	N2-like	N2-like
JU1395	JU1395	N2	406	not	not	ref_sosi-1	not	not	not	detected	N2-like	N2-like
JU1400	JU1400	N2	406	not	not	ref_and_alt	not	not	not	detected	N2-like	N2-like
JU1409	JU1409	N2	406	not	not	ref_sosi-1	not	not	not	detected	N2-like	N2-like
JU1440	JU1440	N2	406	not	not	ref_sosi-1	not	not	not	detected	N2-like	N2-like
JU1491	JU1491	N2	406	not	not	ref_sosi-1	not	not	not	detected	N2-like	N2-like
JU1530	JU1530	N2	406	not	not	ref_sosi-1	not	not	not	detected	N2-like	N2-like
JU1543	JU1543	N2	406	not	not	ref_sosi-1	not	not	not	detected	N2-like	N2-like
JU1568	JU1568	N2	406	not	not	ref_sosi-1	not	not	not	detected	N2-like	N2-like
JU1586	JU1586	N2	406	not	not	ref_sosi-1	not	not	not	detected	N2-like	N2-like
JU1652	JU1652	N2	406	not	not	ref_sosi-1	not	not	not	detected	N2-like	N2-like
JU1666	JU1666	N2	406	not	not	ref_sosi-1	not	not	not	detected	N2-like	N2-like
JU1792	JU1792	N2	406	not	not	ref_sosi-1	not	not	not	detected	N2-like	N2-like
JU1808	JU1808	N2	406	not	not	ref_sosi-1	not	not	not	detected	N2-like	N2-like
JU1934	JU1934	N2	406	not	not	ref_sosi-1	not	not	not	detected	N2-like	N2-like
JU2001	JU2001	N2	406	not	not	ref_sosi-1	not	not	not	detected	N2-like	N2-like
JU2016	JU2016	N2	406	not	not	ref_sosi-1	not	not	not	detected	N2-like	N2-like
JU2017	JU2017	N2	406	not	not	ref_sosi-1	not	not	not	detected	N2-like	N2-like
JU2131	JU2131	N2	406	not	not	ref_sosi-1	not	not	not	detected	N2-like	N2-like
JU2141	JU2141	N2	406	not	not	ref_sosi-1	not	not	not	detected	N2-like	N2-like
JU2234	JU2234	N2	406	not	not	ref_sosi-1	not	not	not	detected	N2-like	N2-like
JU2250	JU2250	N2	406	not	not	ref_sosi-1	not	not	not	detected	N2-like	N2-like
JU2257	JU2257	N2	406	not	not	ref_sosi-1	not	not	not	detected	N2-like	N2-like
JU2464	JU2464	N2	406	not	not	ref_and_alt	not	not	not	detected	N2-like	N2-like
JU2466	JU2466	N2	406	not	not	ref_sosi-1	not	not	not	detected	N2-like	N2-like
JU2478	JU2478	N2	406	not	not	ref_sosi-1	not	not	not	detected	N2-like	N2-like
JU2513	JU2513	N2	406	not	not	ref_sosi-1	not	not	not	detected	N2-like	N2-like
JU2519	JU2519	N2	406	not	not	ref_sosi-1	not	not	not	detected	N2-like	N2-like
JU2522	JU2522	N2	406	not	not	ref_sosi-1	not	not	not	detected	N2-like	N2-like
JU2534	JU2534	N2	406	not	not	ref_sosi-1	not	not	not	detected	N2-like	N2-like
JU2565	JU2565	N2	406	not	not	ref_sosi-1	not	not	not	detected	N2-like	N2-like
JU2566	JU2566	N2	406	not	not	ref_sosi-1	not	not	not	detected	N2-like	N2-like
JU2570	JU2570	N2	406	not	not	ref_sosi-1	not	not	not	detected	N2-like	N2-like
JU2572	JU2572	N2	406	not	not	ref_sosi-1	not	not	not	detected	N2-like	N2-like
JU2575	JU2575	N2	406	not	not	ref_sosi-1	not	not	not	detected	N2-like	N2-like
JU2576	JU2576	N2	406	not	not	ref_sosi-1	not	not	not	detected	N2-like	N2-like
JU2578	JU2578	N2	406	not	not	ref_sosi-1	not	not	not	detected	N2-like	N2-like
JU2581	JU2581	N2	406	not	not	ref_sosi-1	not	not	not	detected	N2-like	N2-like
JU2586	JU2586	N2	406	not	not	ref_sosi-1	not	not	not	detected	N2-like	N2-like
JU2587	JU2587	N2	406	not	not	ref_sosi-1	not	not	not	detected	N2-like	N2-like
JU2592	JU2592	N2	406	not	not	ref_sosi-1	not	not	not	detected	N2-like	N2-like
JU2593	JU2593	N2	406	not	not	ref_sosi-1	not	not	not	detected	N2-like	N2-like
JU2600	JU2600	N2	406	not	not	ref_sosi-1	not	not	not	detected	N2-like	N2-like
JU2610	JU2610	N2	406	not	not	ref_sosi-1	not	not	not	detected	N2-like	N2-like
JU2800	JU2800	N2	406	not	not	ref_sosi-1	not	not	not	detected	N2-like	N2-like
JU2811	JU2811	N2	406	not	not	ref_sosi-1	not	not	not	detected	N2-like	N2-like
JU2825	JU2825	N2	406	not	not	ref_sosi-1	not	not	not	detected	N2-like	N2-like
JU2829	JU2829	N2	406	not	not	ref_sosi-1	not	not	not	detected	N2-like	N2-like
JU2838	JU2838	N2	406	not	not	ref_sosi-1	not	not	not	detected	N2-like	N2-like
JU2841	JU2841	N2	406	not	not	ref_sosi-1	not	not	not	detected	N2-like	N2-like
JU2853	JU2853	N2	406	not	not	ref_sosi-1	not	not	not	detected	N2-like	N2-like
JU2862	JU2862	N2	406	not	not	ref_sosi-1	not	not	not	detected	N2-like	N2-like
JU2866	JU2866	N2	406	not	not	ref_sosi-1	not	not	not	detected	N2-like	N2-like
JU2878	JU2878	N2	406	not	not	ref_and_alt	not	not	not	detected	N2-like	N2-like
JU2879	JU2879	N2	406	not	not	ref_sosi-1	not	not	not	detected	N2-like	N2-like
JU2906	JU2906	N2	406	not	not	ref_sosi-1	not	not	not	detected	N2-like	N2-like
JU2907	JU2907	N2	406	not	not	ref_sosi-1	not	not	not	detected	N2-like	N2-like
JU310	JU310	N2	406	not	not	ref_sosi-1	not	not	not	detected	N2-like	N2-like
JU311	JU311	N2	406	not	not	ref_sosi-1	not	not	not	detected	N2-like	N2-like
JU3125	JU3125	N2	406	not	not	ref_sosi-1	not	not	detected	detected	N2-like	N2-like
JU3127	JU3127	N2	406	not	not	ref_sosi-1	not	not	not	detected	N2-like	N2-like
JU3128	JU3128	N2	406	not	not	ref_sosi-1	not	not	not	detected	N2-like	N2-like
JU3132	JU3132	N2	406	not	not	ref_sosi-1	not	not	not	detected	N2-like	N2-like
JU3134	JU3134	N2	406	not	not	ref_sosi-1	not	not	not	detected	N2-like	N2-like
JU3137	JU3137	N2	406	not	not	ref_sosi-1	not	not	not	detected	N2-like	N2-like
JU3140	JU3140	N2	406	not	not	ref_sosi-1	not	not	not	detected	N2-like	N2-like
JU3141	JU3141	N2	406	not	not	ref_sosi-1	not	not	not	detected	N2-like	N2-like
JU3144	JU3144	N2	406	not	not	ref_sosi-1	not	not	not	detected	N2-like	N2-like
JU3167	JU3167	N2	406	not	not	ref_sosi-1	not	not	not	detected	N2-like	N2-like
JU3169	JU3169	N2	406	not	not	ref_sosi-1	not	not	not	detected	N2-like	N2-like
JU3224	JU3224	N2	406	not	not	ref_and_alt	not	not	not	detected	N2-like	N2-like
JU3225	JU3225	N2	406	not	not	ref_sosi-1	not	not	not	detected	N2-like	N2-like
JU3228	JU3228	N2	406	not	not	ref_and_alt	not	not	not	detected	N2-like	N2-like
JU323	JU323	N2	406	not	not	ref_sosi-1	not	not	not	detected	N2-like	N2-like
JU3280	JU3280	N2	406	not	not	ref_sosi-1	not	not	not	detected	N2-like	N2-like
JU3282	JU3282	N2	406	not	not	ref_sosi-1	not	not	not	detected	N2-like	N2-like
JU3291	JU3291	N2	406	not	not	ref_sosi-1	not	not	not	detected	N2-like	N2-like
JU3318	JU3318	N2	406	not	not	ref_and_alt	not	not	not	detected	N2-like	N2-like
JU346	JU346	N2	406	not	not	ref_sosi-1	not	not	not	detected	N2-like	N2-like
JU360	JU360	N2	406	not	not	ref_sosi-1	not	not	not	detected	N2-like	N2-like
JU367	JU367	N2	406	not	not	ref_sosi-1	not	not	not	detected	N2-like	N2-like
JU3795	JU3795	N2	406	not	not	ref_sosi-1	not	not	not	detected	N2-like	N2-like
JU393	JU393	N2	406	not	not	ref_sosi-1	not	not	not	detected	N2-like	N2-like
JU394	JU394	N2	406	not	not	ref_sosi-1	not	not	not	detected	N2-like	N2-like
JU397	JU397	N2	406	not	not	ref_sosi-1	not	not	not	detected	N2-like	N2-like
JU4047	JU4047	N2	406	not	not	ref_sosi-1	not	not	not	detected	N2-like	N2-like
JU4073	JU4073	N2	406	not	not	ref_sosi-1	not	not	not	detected	N2-like	N2-like
JU4082	JU4082	N2	406	not	not	ref_sosi-1	not	not	not	detected	N2-like	N2-like
JU4098	JU4098	N2	406	not	not	ref_sosi-1	not	not	not	detected	N2-like	N2-like
JU440	JU440	N2	406	not	not	ref_sosi-1	not	not	not	detected	N2-like	N2-like
JU561	JU561	N2	406	not	not	ref_sosi-1	not	not	not	detected	N2-like	N2-like
JU751	JU751	N2	406	not	not	ref_sosi-1	not	not	not	detected	N2-like	N2-like
JU774	JU774	N2	406	not	not	ref_sosi-1	not	not	not	detected	N2-like	N2-like
JU775	JU775	N2	406	not	not	ref_sosi-1	not	not	not	detected	N2-like	N2-like
JU778	JU778	N2	406	not	not	ref_sosi-1	not	not	not	detected	N2-like	N2-like
JU782	JU782	N2	406	not	not	ref_sosi-1	not	not	not	detected	N2-like	N2-like
JU792	JU792	N2	406	not	not	ref_sosi-1	not	not	not	detected	N2-like	N2-like
JU830	JU830	N2	406	not	not	ref_sosi-1	not	not	not	detected	N2-like	N2-like
JU847	JU847	N2	406	not	not	ref_sosi-1	not	not	not	detected	N2-like	N2-like
KR314	KR314	N2	406	not	not	ref_sosi-1	not	not	not	detected	N2-like	N2-like
LKC34	LKC34	N2	406	not	not	ref_sosi-1	not	not	not	detected	N2-like	N2-like
MY1	MY1	N2	406	not	not	ref_and_alt	not	not	not	detected	N2-like	N2-like
MY10	MY10	N2	406	not	not	ref_and_alt	not	not	not	detected	N2-like	N2-like
MY16	MY16	N2	406	not	not	ref_sosi-1	not	not	not	detected	N2-like	N2-like
MY2147	MY2147	N2	406	not	not	ref_sosi-1	not	not	not	detected	N2-like	N2-like
MY2212	MY2212	N2	406	not	not	ref_sosi-1	not	not	not	detected	N2-like	N2-like
MY23	MY23	N2	406	not	not	ref_sosi-1	not	not	not	detected	N2-like	N2-like
MY2453	MY2453	N2	406	not	not	ref_sosi-1	not	not	not	detected	N2-like	N2-like
MY2530	MY2530	N2	406	not	not	ref_sosi-1	not	not	not	detected	N2-like	N2-like
MY2535	MY2535	N2	406	not	not	ref_sosi-1	not	not	not	detected	N2-like	N2-like
MY2573	MY2573	N2	406	not	not	ref_sosi-1	not	not	not	detected	N2-like	N2-like
MY2585	MY2585	N2	406	not	not	ref_sosi-1	not	not	not	detected	N2-like	N2-like
MY2693	MY2693	N2	406	not	not	ref_sosi-1	not	not	not	detected	N2-like	N2-like
MY2741	MY2741	N2	406	not	not	ref_sosi-1	not	not	not	detected	N2-like	N2-like
MY518	MY518	N2	406	not	not	ref_sosi-1	not	not	not	detected	N2-like	N2-like
MY772	MY772	N2	406	not	not	ref_sosi-1	not	not	not	detected	N2-like	N2-like
MY795	MY795	N2	406	not	not	ref_sosi-1	not	not	not	detected	N2-like	N2-like
MY920	MY920	N2	406	not	not	ref_sosi-1	not	not	not	detected	N2-like	N2-like
N2	N2	N2	406	not	not	ref_sosi-1	not	not	not	detected	N2-like	N2-like
NIC1	NIC1	N2	406	not	not	ref_and_alt	not	not	not	detected	N2-like	N2-like
NIC1049	NIC1049	N2	406	not	not	ref_sosi-1	not	not	not	detected	N2-like	N2-like
NIC1107	NIC1107	N2	406	not	not	ref_sosi-1	not	not	not	detected	N2-like	N2-like
NIC1119	NIC1119	N2	406	not	not	ref_sosi-1	not	not	not	detected	N2-like	N2-like
NIC166	NIC166	N2	406	not	not	ref_sosi-1	not	not	not	detected	N2-like	N2-like
NIC1700	NIC1700	N2	406	not	not	ref_sosi-1	not	not	not	detected	N2-like	N2-like
NIC1772	NIC1772	N2	406	not	not	ref_sosi-1	not	not	not	detected	N2-like	N2-like
NIC1773	NIC1773	N2	406	not	not	ref_sosi-1	not	not	not	detected	N2-like	N2-like
NIC1775	NIC1775	N2	406	not	not	ref_sosi-1	not	not	not	detected	N2-like	N2-like
NIC1779	NIC1779	N2	406	not	not	ref_sosi-1	not	not	not	detected	N2-like	N2-like
NIC1780	NIC1780	N2	406	not	not	ref_sosi-1	not	not	not	detected	N2-like	N2-like
NIC1782	NIC1782	N2	406	not	not	ref_sosi-1	not	not	not	detected	N2-like	N2-like
NIC1783	NIC1783	N2	406	not	not	ref_sosi-1	not	not	not	detected	N2-like	N2-like
NIC1785	NIC1785	N2	406	not	not	ref_sosi-1	not	not	not	detected	N2-like	N2-like
NIC1787	NIC1787	N2	406	not	not	ref_sosi-1	not	not	not	detected	N2-like	N2-like
NIC1788	NIC1788	N2	406	not	not	ref_sosi-1	not	not	not	detected	N2-like	N2-like
NIC1789	NIC1789	N2	406	not	not	ref_sosi-1	not	not	not	detected	N2-like	N2-like
NIC1791	NIC1791	N2	406	not	not	ref_sosi-1	not	not	not	detected	N2-like	N2-like
NIC1792	NIC1792	N2	406	not	not	ref_sosi-1	not	not	not	detected	N2-like	N2-like
NIC1794	NIC1794	N2	406	not	not	ref_sosi-1	not	not	not	detected	N2-like	N2-like
NIC1796	NIC1796	N2	406	not	not	ref_sosi-1	not	not	not	detected	N2-like	N2-like
NIC1798	NIC1798	N2	406	not	not	ref_sosi-1	not	not	not	detected	N2-like	N2-like
NIC1799	NIC1799	N2	406	not	not	ref_sosi-1	not	not	not	detected	N2-like	N2-like
NIC1801	NIC1801	N2	406	not	not	ref_sosi-1	not	not	not	detected	N2-like	N2-like
NIC1802	NIC1802	N2	406	not	not	ref_sosi-1	not	not	not	detected	N2-like	N2-like
NIC1805	NIC1805	N2	406	not	not	ref_sosi-1	not	not	not	detected	N2-like	N2-like
NIC1806	NIC1806	N2	406	not	not	ref_sosi-1	not	not	not	detected	N2-like	N2-like
NIC1808	NIC1808	N2	406	not	not	ref_sosi-1	not	not	not	detected	N2-like	N2-like
NIC1809	NIC1809	N2	406	not	not	ref_sosi-1	not	not	not	detected	N2-like	N2-like
NIC1811	NIC1811	N2	406	not	not	ref_sosi-1	not	not	not	detected	N2-like	N2-like
NIC1812	NIC1812	N2	406	not	not	ref_sosi-1	not	not	not	detected	N2-like	N2-like
NIC1832	NIC1832	N2	406	not	not	ref_sosi-1	not	not	not	detected	N2-like	N2-like
NIC199	NIC199	N2	406	not	not	ref_sosi-1	not	not	not	detected	N2-like	N2-like
NIC2	NIC2	N2	406	not	not	ref_sosi-1	not	not	not	detected	N2-like	N2-like
NIC2021	NIC2021	N2	406	not	not	ref_and_alt	not	not	not	detected	N2-like	N2-like
NIC207	NIC207	N2	406	not	not	ref_sosi-1	not	not	not	detected	N2-like	N2-like
NIC2076	NIC2076	N2	406	not	not	ref_and_alt	not	not	not	detected	N2-like	N2-like
NIC231	NIC231	N2	406	not	not	ref_sosi-1	not	not	not	detected	N2-like	N2-like
NIC236	NIC236	N2	406	not	not	ref_sosi-1	not	not	not	detected	N2-like	N2-like
NIC242	NIC242	N2	406	not	not	ref_sosi-1	not	not	not	detected	N2-like	N2-like
NIC252	NIC252	N2	406	not	not	ref_sosi-1	not	not	not	detected	N2-like	N2-like
NIC255	NIC255	N2	406	not	not	ref_sosi-1	not	not	not	detected	N2-like	N2-like
NIC256	NIC256	N2	406	not	not	ref_sosi-1	not	not	not	detected	N2-like	N2-like
NIC258	NIC258	N2	406	not	not	ref_sosi-1	not	not	not	detected	N2-like	N2-like
NIC260	NIC260	N2	406	not	not	ref_and_alt	not	not	not	detected	N2-like	N2-like
NIC261	NIC261	N2	406	not	not	ref_sosi-1	not	not	not	detected	N2-like	N2-like
NIC262	NIC262	N2	406	not	not	ref_sosi-1	not	not	not	detected	N2-like	N2-like
NIC266	NIC266	N2	406	not	not	ref_sosi-1	not	not	not	detected	N2-like	N2-like
NIC267	NIC267	N2	406	not	not	ref_sosi-1	not	not	not	detected	N2-like	N2-like
NIC269	NIC269	N2	406	not	not	ref_sosi-1	not	not	not	detected	N2-like	N2-like
NIC271	NIC271	N2	406	not	not	ref_sosi-1	not	not	not	detected	N2-like	N2-like
NIC272	NIC272	N2	406	not	not	ref_sosi-1	not	not	not	detected	N2-like	N2-like
NIC274	NIC274	N2	406	not	not	ref_sosi-1	not	not	not	detected	N2-like	N2-like
NIC275	NIC275	N2	406	not	not	ref_sosi-1	not	not	not	detected	N2-like	N2-like
NIC276	NIC276	N2	406	not	not	ref_sosi-1	not	not	not	detected	N2-like	N2-like
NIC277	NIC277	N2	406	not	not	ref_sosi-1	not	not	not	detected	N2-like	N2-like
NIC3	NIC3	N2	406	not	not	ref_sosi-1	not	not	not	detected	N2-like	N2-like
NIC501	NIC501	N2	406	not	not	ref_sosi-1	not	not	not	detected	N2-like	N2-like
NIC511	NIC511	N2	406	not	not	ref_sosi-1	not	not	not	detected	N2-like	N2-like
NIC513	NIC513	N2	406	not	not	ref_sosi-1	not	not	not	detected	N2-like	N2-like
NIC514	NIC514	N2	406	not	not	ref_sosi-1	not	not	not	detected	N2-like	N2-like
NIC515	NIC515	N2	406	not	not	ref_sosi-1	not	not	not	detected	N2-like	N2-like
NIC522	NIC522	N2	406	not	not	ref_sosi-1	not	not	not	detected	N2-like	N2-like
NIC523	NIC523	N2	406	not	not	ref_sosi-1	not	not	not	detected	N2-like	N2-like
NIC527	NIC527	N2	406	not	not	ref_sosi-1	not	not	not	detected	N2-like	N2-like
NIC529	NIC529	N2	406	not	not	ref_sosi-1	not	not	not	detected	N2-like	N2-like
PB303	PB303	N2	406	not	not	ref_sosi-1	not	not	not	detected	N2-like	N2-like
PB306	ECA259	N2	406	not	not	ref_sosi-1	not	not	not	detected	N2-like	N2-like
PS2025	PS2025	N2	406	not	not	ref_sosi-1	not	not	not	detected	N2-like	N2-like
PX179	PX179	N2	406	not	not	ref_sosi-1	not	not	not	detected	N2-like	N2-like
QG2075	QG2075	N2	406	not	not	ref_sosi-1	not	not	not	detected	N2-like	N2-like
QG2813	QG2813	N2	406	not	not	ref_sosi-1	not	not	not	detected	N2-like	N2-like
QG2818	QG2818	N2	406	not	not	ref_sosi-1	not	not	not	detected	N2-like	N2-like
QG2825	QG2825	N2	406	not	not	ref_sosi-1	not	not	not	detected	N2-like	N2-like
QG2827	QG2827	N2	406	not	not	ref_sosi-1	not	not	not	detected	N2-like	N2-like
QG2828	QG2828	N2	406	not	not	ref_sosi-1	not	not	not	detected	N2-like	N2-like
QG2832	QG2832	N2	406	not	not	ref_sosi-1	not	not	not	detected	N2-like	N2-like
QG2835	QG2835	N2	406	not	not	ref_sosi-1	not	not	not	detected	N2-like	N2-like
QG2836	QG2836	N2	406	not	not	ref_sosi-1	not	not	not	detected	N2-like	N2-like
QG2837	QG2837	N2	406	not	not	ref_sosi-1	not	not	not	detected	N2-like	N2-like
QG2838	QG2838	N2	406	not	not	ref_sosi-1	not	not	not	detected	N2-like	N2-like
QG2841	QG2841	N2	406	not	not	ref_and_alt	not	not	not	detected	N2-like	N2-like
QG2843	QG2843	N2	406	not	not	ref_sosi-1	not	not	not	detected	N2-like	N2-like
QG2846	QG2846	N2	406	not	not	ref_sosi-1	not	not	not	detected	N2-like	N2-like
QG2850	QG2850	N2	406	not	not	ref_sosi-1	not	not	not	detected	N2-like	N2-like
QG2854	QG2854	N2	406	not	not	ref_sosi-1	not	not	not	detected	N2-like	N2-like
QG2855	QG2855	N2	406	not	not	ref_sosi-1	not	not	not	detected	N2-like	N2-like
QG2857	QG2857	N2	406	not	not	ref_sosi-1	not	not	not	detected	N2-like	N2-like
QG2873	QG2873	N2	406	not	not	ref_sosi-1	not	not	not	detected	N2-like	N2-like
QG2874	QG2874	N2	406	not	not	ref_sosi-1	not	not	not	detected	N2-like	N2-like
QG2875	QG2875	N2	406	not	not	ref_sosi-1	not	not	not	detected	N2-like	N2-like
QG2877	QG2877	N2	406	not	not	ref_sosi-1	not	not	not	detected	N2-like	N2-like
QG4003	QG4003	N2	406	not	not	ref_sosi-1	not	not	not	detected	N2-like	N2-like
QG4004	QG4004	N2	406	not	not	ref_sosi-1	not	not	not	detected	N2-like	N2-like
QG4006	QG4006	N2	406	not	not	ref_sosi-1	not	not	not	detected	N2-like	N2-like
QG4008	QG4008	N2	406	not	not	ref_sosi-1	not	not	not	detected	N2-like	N2-like
QG4010	QG4010	N2	406	not	not	ref_sosi-1	not	not	not	detected	N2-like	N2-like
QG4012	QG4012	N2	406	not	not	ref_sosi-1	not	not	not	detected	N2-like	N2-like
QG4017	QG4017	N2	406	not	not	ref_sosi-1	not	not	not	detected	N2-like	N2-like
QG4018	QG4018	N2	406	not	not	ref_sosi-1	not	not	not	detected	N2-like	N2-like
QG4021	QG4021	N2	406	not	not	ref_sosi-1	not	not	not	detected	N2-like	N2-like
QG4080	QG4080	N2	406	not	not	ref_sosi-1	not	not	not	detected	N2-like	N2-like
QG4103	QG4103	N2	406	not	not	ref_sosi-1	not	not	not	detected	N2-like	N2-like
QG4138	QG4138	N2	406	not	not	ref_sosi-1	not	not	not	detected	N2-like	N2-like
QG4147	QG4147	N2	406	not	not	ref_sosi-1	not	not	not	detected	N2-like	N2-like
QG4193	QG4193	N2	406	not	not	ref_sosi-1	not	not	not	detected	N2-like	N2-like
QG4228	QG4228	N2	406	not	not	ref_and_alt	not	not	not	detected	N2-like	N2-like
QG536	QG536	N2	406	not	not	ref_sosi-1	not	not	not	detected	N2-like	N2-like
QG556	QG556	N2	406	not	not	ref_sosi-1	not	not	not	detected	N2-like	N2-like
QG557	QG557	N2	406	not	not	ref_sosi-1	not	not	not	detected	N2-like	N2-like
QW947	QW947	N2	406	not	not	ref_and_alt	not	not	not	detected	N2-like	N2-like
QX1212	QX1212	N2	406	not	not	ref_sosi-1	not	not	not	detected	N2-like	N2-like
QX1233	QX1233	N2	406	not	not	ref_sosi-1	not	not	not	detected	N2-like	N2-like
QX1792	QX1792	N2	406	not	not	ref_sosi-1	not	not	not	detected	N2-like	N2-like
QX1793	QX1793	N2	406	not	not	ref_sosi-1	not	not	not	detected	N2-like	N2-like
QX1794	QX1794	N2	406	not	not	ref_and_alt	not	not	not	detected	N2-like	N2-like
RC301	RC301	N2	406	not	not	ref_sosi-1	not	not	not	detected	N2-like	N2-like
TWN2530	TWN2530	N2	406	not	not	ref_sosi-1	not	not	not	detected	N2-like	N2-like
TWN2542	TWN2542	N2	406	not	not	ref_sosi-1	not	not	not	detected	N2-like	N2-like
WN2033	WN2033	N2	406	not	not	ref_sosi-1	not	not	not	detected	N2-like	N2-like
WN2050	WN2050	N2	406	not	not	ref_sosi-1	not	not	not	detected	N2-like	N2-like
WN2063	WN2063	N2	406	not	not	ref_sosi-1	not	not	not	detected	N2-like	N2-like
WN2064	WN2064	N2	406	not	not	ref_sosi-1	not	not	not	detected	N2-like	N2-like
WN2066	WN2066	N2	406	not	not	ref_sosi-1	not	not	not	detected	N2-like	N2-like
WN2068	WN2068	N2	406	not	not	ref_sosi-1	not	not	not	detected	N2-like	N2-like
WN2069	WN2069	N2	406	not	not	ref_sosi-1	not	not	not	detected	N2-like	N2-like
WN2082	WN2082	N2	406	not	not	ref_sosi-1	not	not	not	detected	N2-like	N2-like
WN2086	WN2086	N2	406	not	not	ref_sosi-1	not	not	not	detected	N2-like	N2-like
WN2107	WN2107	N2	406	not	not	ref_sosi-1	not	not	not	detected	N2-like	N2-like
WN2117	WN2117	N2	406	not	not	ref_sosi-1	not	not	not	detected	N2-like	N2-like
XZ1513	XZ1513	N2	406	not	not	ref_sosi-1	not	not	not	detected	N2-like	N2-like
XZ1515	XZ1515	N2	406	not	not	ref_sosi-1	not	not	not	detected	N2-like	N2-like
XZ1672	XZ1672	N2	406	not	not	ref_sosi-1	not	not	not	detected	N2-like	N2-like
XZ1734	XZ1734	N2	406	not	not	ref_sosi-1	not	not	not	detected	N2-like	N2-like
XZ1735	XZ1735	N2	406	not	not	ref_sosi-1	not	not	not	detected	N2-like	N2-like
XZ1756	XZ1756	N2	406	not	not	ref_sosi-1	not	not	not	detected	N2-like	N2-like
XZ2018	XZ2018	N2	406	not	not	ref_sosi-1	not	not	not	detected	N2-like	N2-like
XZ2211	XZ2211	N2	406	not	not	ref_sosi-1	not	not	not	detected	N2-like	N2-like
NIC1698	NIC1698	NIC1698	1	not	not	ref_sosi-1	not	not	not	detected	N2-like	N2-like
ECA1185	ECA1185	ECA1185	14	detected	not	ref_and_alt	not	not	not	not	single_eri67	single_eri67
ECA1251	ECA1251	ECA1185	14	detected	not	ref_and_alt	not	not	not	not	single_eri67	single_eri67
ECA1252	ECA1252	ECA1185	14	detected	not	ref_and_alt	not	not	not	not	single_eri67	single_eri67
ECA1725	ECA1725	ECA1185	14	detected	not	ref_and_alt	not	not	not	not	single_eri67	single_eri67
ECA1761	ECA1761	ECA1185	14	detected	not	ref_and_alt	not	not	not	not	single_eri67	single_eri67
ECA1851	ECA1851	ECA1185	14	detected	not	ref_and_alt	not	not	not	not	single_eri67	single_eri67
ECA1885	ECA1885	ECA1185	14	detected	not	ref_and_alt	not	not	not	not	single_eri67	single_eri67
ECA1925	ECA1925	ECA1185	14	detected	not	ref_and_alt	not	not	not	not	single_eri67	single_eri67
ECA2109	ECA2109	ECA1185	14	detected	not	ref_sosi-1	not	not	not	not	single_eri67	single_eri67
ECA2155	ECA2155	ECA1185	14	detected	not	ref_and_alt	not	not	not	not	single_eri67	single_eri67
ECA2159	ECA2159	ECA1185	14	detected	not	ref_and_alt	not	not	not	not	single_eri67	single_eri67
ECA2281	ECA2281	ECA1185	14	detected	not	ref_sosi-1	not	not	not	not	single_eri67	single_eri67
ECA347	ECA347	ECA1185	14	detected	not	ref_and_alt	not	not	not	not	single_eri67	single_eri67
XZ1514	XZ1514	ECA1185	14	detected	not	ref_and_alt	not	not	not	not	single_eri67	single_eri67
ECA1187	ECA1187	ECA1187	20	detected	not	ref_and_alt	not	not	not	not	single_eri67	single_eri67
ECA1191	ECA1191	ECA1187	20	detected	not	ref_sosi-1	not	not	not	not	single_eri67	single_eri67
ECA1192	ECA1192	ECA1187	20	detected	not	ref_sosi-1	not	not	not	not	single_eri67	single_eri67
ECA1193	ECA1193	ECA1187	20	detected	not	ref_sosi-1	not	not	not	not	single_eri67	single_eri67
ECA1195	ECA1195	ECA1187	20	detected	not	ref_and_alt_likely 	not	not	not	not	single_eri67	single_eri67
ECA1196	ECA1196	ECA1187	20	detected	not	ref_and_alt_likely 	not	not	not	not	single_eri67	single_eri67
ECA1232	ECA1232	ECA1187	20	detected	not	ref_and_alt	not	not	not	not	single_eri67	single_eri67
ECA1238	ECA1238	ECA1187	20	detected	not	ref_and_alt	not	not	not	not	single_eri67	single_eri67
ECA1240	ECA1240	ECA1187	20	detected	not	ref_and_alt	not	not	not	not	single_eri67	single_eri67
ECA1242	ECA1242	ECA1187	20	detected	not	ref_and_alt_likely 	not	not	not	not	single_eri67	single_eri67
ECA1253	ECA1253	ECA1187	20	detected	not	ref_and_alt	not	not	not	not	single_eri67	single_eri67
ECA1821	ECA1821	ECA1187	20	detected	not	ref_sosi-1	not	not	not	not	single_eri67	single_eri67
ECA2043	ECA2043	ECA1187	20	detected	not	ref_and_alt	not	not	not	not	single_eri67	single_eri67
ECA2291	ECA2291	ECA1187	20	detected	not	ref_and_alt	not	not	not	not	single_eri67	single_eri67
ECA2360	ECA2360	ECA1187	20	detected	not	ref_and_alt	not	not	not	not	single_eri67	single_eri67
ECA363	ECA363	ECA1187	20	detected	not	ref_sosi-1	not	not	not	not	single_eri67	single_eri67
ECA724	ECA724	ECA1187	20	detected	not	ref_and_alt	not	not	not	not	single_eri67	single_eri67
ECA740	ECA740	ECA1187	20	detected	not	ref_sosi-1	not	not	not	not	single_eri67	single_eri67
ECA741	ECA741	ECA1187	20	detected	not	ref_and_alt	not	not	not	not	single_eri67	single_eri67
ECA742	ECA742	ECA1187	20	detected	not	ref_and_alt	not	not	not	not	single_eri67	single_eri67
ECA1194	ECA1194	ECA1194	1	detected	not	ref_sosi-1	not	not	not	not	single_eri67	single_eri67
ECA1206	ECA1206	ECA1206	4	detected	not	no_sosi1	detected	detected	not	not	single_eri67	DEL3
ECA1997	ECA1997	ECA1206	4	detected	not	alt_sosi-1	detected	detected	not	not	single_eri67	DEL3
ECA2489	ECA2489	ECA1206	4	detected	not	no_sosi1	detected	detected	not	not	single_eri67	DEL3
ECA744	ECA744	ECA1206	4	detected	not	no_sosi1	detected	detected	not	not	single_eri67	DEL3
ECA1216	ECA1216	ECA1216	4	detected	not	ref_sosi-1	not	not	not	not	single_eri67	single_eri67
ECA1228	ECA1228	ECA1216	4	detected	not	ref_sosi-1	not	not	not	not	single_eri67	single_eri67
ECA1278	ECA1278	ECA1216	4	detected	not	ref_sosi-1	not	not	not	not	single_eri67	single_eri67
ECA730	ECA730	ECA1216	4	detected	not	ref_sosi-1	not	not	not	not	single_eri67	single_eri67
ECA1229	ECA1229	ECA1229	1	detected	not	ref_and_alt	not	not	not	not	single_eri67	single_eri67
ECA1237	ECA1237	ECA1237	2	detected	not	ref_sosi-1	not	not	not	not	single_eri67	single_eri67
ECA723	ECA723	ECA1237	2	detected	not	ref_sosi-1	not	not	not	not	single_eri67	single_eri67
ECA1260	ECA1260	ECA1260	1	detected	not	no_sosi1	detected	detected	not	not	single_eri67	DEL3
ECA1261	ECA1261	ECA1261	4	detected	not	alt_sosi-1	detected	detected	not	not	single_eri67	DEL3
ECA1286	ECA1286	ECA1261	4	detected	not	ref_and_alt_likely 	detected	detected	not	not	single_eri67	DEL2
ECA1891	ECA1891	ECA1261	4	detected	not	ref_and_alt_likely 	detected	detected	not	not	single_eri67	DEL2
ECA746	ECA746	ECA1261	4	detected	not	alt_sosi-1	detected	detected	not	not	single_eri67	DEL3
ECA1281	ECA1281	ECA1281	1	detected	not	ref_and_alt	not	not	not	not	single_eri67	single_eri67
ECA1283	ECA1283	ECA1283	3	detected	not	ref_and_alt	not	not	not	not	single_eri67	single_eri67
ECA1969	ECA1969	ECA1283	3	detected	not	ref_and_alt	not	not	not	not	single_eri67	single_eri67
ECA2081	ECA2081	ECA1283	3	detected	not	ref_and_alt	not	not	not	not	single_eri67	single_eri67
ECA1493	ECA1493	ECA1493	1	detected	not	ref_and_alt	not	not	not	not	single_eri67	single_eri67
ECA1713	ECA1713	ECA1713	1	detected	not	ref_sosi-1	not	not	not	not	single_eri67	single_eri67
ECA1717	ECA1717	ECA1717	4	detected	not	ref_sosi-1	not	not	not	not	single_eri67	single_eri67
ECA1793	ECA1793	ECA1717	4	detected	not	ref_sosi-1	not	not	not	not	single_eri67	single_eri67
ECA2183	ECA2183	ECA1717	4	detected	not	ref_sosi-1	not	not	not	not	single_eri67	single_eri67
ECA2187	ECA2187	ECA1717	4	detected	not	ref_sosi-1	not	not	not	not	single_eri67	single_eri67
ECA1919	ECA1919	ECA1919	1	detected	not	ref_and_alt	not	not	not	not	single_eri67	single_eri67
ECA2091	ECA2091	ECA2091	1	detected	not	ref_and_alt	not	not	not	not	single_eri67	single_eri67
ECA2199	ECA2199	ECA2199	1	detected	not	ref_and_alt	not	not	not	not	single_eri67	single_eri67
ECA2417	ECA2417	ECA2417	1	detected	not	ref_and_alt	not	not	not	not	single_eri67	single_eri67
ECA36	ECA36	ECA36	3	detected	not	ref_and_alt	not	not	not	not	single_eri67	single_eri67
JU3226	JU3226	ECA36	3	detected	not	ref_and_alt	not	not	not	not	single_eri67	single_eri67
QX1211	QX1211	ECA36	3	detected	not	ref_and_alt	not	not	not	not	single_eri67	single_eri67
ECA1937	ECA1937	ECA703	4	detected	not	no_sosi1	detected	detected	not	not	single_eri67	DEL3
ECA703	ECA703	ECA703	4	detected	not	no_sosi1	detected	detected	not	not	single_eri67	DEL3
ECA706	ECA706	ECA703	4	detected	not	no_sosi1	detected	detected	not	not	single_eri67	DEL3
ECA733	ECA733	ECA703	4	detected	not	no_sosi1	detected	detected	not	not	single_eri67	DEL3
ECA768	ECA768	ECA812	3	detected	not	no_sosi1	detected	detected	not	not	single_eri67	DEL3
ECA807	ECA807	ECA812	3	detected	not	no_sosi1	detected	detected	not	not	single_eri67	DEL3
ECA812	ECA812	ECA812	3	detected	not	no_sosi1	detected	detected	not	not	single_eri67	DEL3
JU258	JU258	JU258	1	detected	not	ref_sosi-1	not	not	not	not	single_eri67	single_eri67
JU642	JU642	JU642	1	detected	not	ref_sosi-1	not	detected	not	not	single_eri67	DEL1
NIC195	NIC195	NIC195	1	detected	not	ref_sosi-1	not	detected	not	not	single_eri67	DEL1
JU1896	JU1896	NIC526	11	detected	not	ref_sosi-1	not	detected	not	not	single_eri67	DEL1_DUP
JU2106	JU2106	NIC526	11	detected	not	ref_sosi-1	not	detected	not	not	single_eri67	DEL1
MY18	MY18	NIC526	11	detected	not	ref_sosi-1	not	detected	not	not	single_eri67	DEL1
NIC1790	NIC1790	NIC526	11	detected	not	ref_sosi-1	not	detected	not	not	single_eri67	DEL1
NIC1810	NIC1810	NIC526	11	detected	not	ref_sosi-1	not	detected	not	not	single_eri67	DEL1
NIC251	NIC251	NIC526	11	detected	not	ref_and_alt	not	detected	not	not	single_eri67	DEL1
NIC265	NIC265	NIC526	11	detected	not	ref_and_alt	not	detected	not	not	single_eri67	DEL1
NIC526	NIC526	NIC526	11	detected	not	ref_sosi-1	not	detected	not	not	single_eri67	DEL1
NIC528	NIC528	NIC526	11	detected	not	ref_sosi-1	not	detected	not	not	single_eri67	DEL1
WN2001	WN2001	NIC526	11	detected	not	ref_sosi-1	not	detected	not	not	single_eri67	DEL1
WN2002	WN2002	NIC526	11	detected	not	ref_sosi-1	not	detected	not	not	single_eri67	DEL1
ECA2191	ECA2191	XZ1516	3	detected	not	ref_sosi-1	not	not	not	not	single_eri67	single_eri67
ECA2195	ECA2195	XZ1516	3	detected	not	ref_sosi-1	not	not	not	not	single_eri67	single_eri67
XZ1516	XZ1516	XZ1516	3	detected	not	ref_and_alt	not	not	not	not	single_eri67	single_eri67
